아티스트e	아티스트k	장르	멤버	역할	앨범	곡	프로그램	브랜드	음원플랫폼	수상	기획사	행사	외국지명	팬덤k	팬덤e	기타	배우e	배우k	한국지명	직업	행사2	수상2	방송플랫폼	작품	장르2	기업
BIGBANG	빅뱅	EDM	T.O.P	메인보컬	ALWAYS	Heartbreaker	싱어게인	루이비통	싸이월드	Korean Music Awards	SM엔터테인먼트	2010년 남아공 월드컵	LA	네버랜드	ABNEW	케이팝	CHA SEOUNG WON	차승원	대한민국	강사	S/S 서울컬렉션	코리아 베스트 드레서	SBS	괜찮아 사랑이야	웹드라마	BC카드
Boy Band	보이그룹	R&B	태양	메인댄서	HOT ISSUE	삐딱하게 (Crooked)	히든싱어	크롬 하츠	백비트	한국대중음악상	DSP 미디어	일본 돔투어	가와사키	더비	ARMY	인플루언서	JUNG HYE YOUNG	정희영	한국	교사		아시아 모델 시상식	TV조선	선암여고 탐정단	드라마	BHG백화점
WINNER	SG워너비	댄스	G-DRAGON	메인래퍼	STAND UP	거짓말	설강화	톰 브라운	소리바다	서울가요대상	YG엔터테인먼트	MADE 월드투어	고베	러볼리	AROHA	남돌	JANG HYUN SUNG	장현성	우리나라	선생님		밀라노 패션위크	JTBC	설강화	시트콤	CGV
 SS501	김종국	댄스팝	대성	리드보컬	MADE	뱅뱅뱅 (BANG BANG BANG)	조선구마사	생로랑	멜론	싸이월드 디지털 뮤직 어워드	JYP엔터테인먼트	SMTOWN	나가사키	러브	ATINY	여돌	KIM HEE AE	김희애	경기도	교수		돌체앤가바나	KBS2	남고괴담	영화	GS칼텍스
2NE1	버즈	디스코	탑	리드댄서	FANTASTIC BABY 	LOSER	아이리스	MCM	Mnet	MAMA	빅히트	에스엠타운	나고야	레베럽	CARAT	방통위	CHOI JI WOO	최지우	경기북부	박사		칸영화제	tvN	독전	예능	IBK투자증권
(G)I-DLE	동방신기	랩	지드래곤	리드래퍼	2014 S/S	BAE BAE	패밀리가 떴다	삼성전자	오리콘 차트	MKMF	하이브	SM타운	난징	루비티	Daileee	버닝썬	YOO IN NA	유인나	경기남부	석사			MBC	괴이	단편극	LG전자
AB6IX	슈퍼주니어	레게	승리	서브보컬	ALIVE	200%	동창생	현대카드	닛폰 테레비	MTV 유럽 뮤직 어워드	SM	월드컵	남아메리카	마이	E.L.F	블루레이	GYEONG SU JIN	경수진	강원도	학사			Mnet	멜랑꼴리아	웹드	SPC그룹
BOL4	양현석	록 음악	DAESUNG	서브댄서	ALWAYS	AH YEAH	아이 엠 샘	데이즈드	SBS	MBC 방송대상	YG	월드케이팝콘서트	뉴어크	멜로디	ENGENE	빠순이	CLAUDIA KIM	수현	충청도	번역가			넷플릭스	홍천기	정통사극	롯데관광개발
BTS	EXO	록발라드	TAEYANG	서브래퍼	BIGBANG	AIRPLANE	나인틴	나이키	KBS	골든디스크 시상식	JYP		뉴욕	모아	EXO-L	빌런	LEE SUNG KYOUNG	이성경	충청북도	사서			디즈니플러스	싱글 인 서울	픽션사극	롯데홈쇼핑
ENHYPEN	위너	락 음악	지디	리더	BIGBANG 03	Always	런닝맨	아디다스	MBC	멜론 뮤직 어워드	HYBE		다련	몬베베	FANTASY	사녹	KANG SEUNG YOON	강승윤	충청남도	연구원			티빙	마이썬	퓨전사극	마이크로소프트
EXO	젝스키스	락발라드	은지원	비주얼	BIGBANG IS V.I.P.	BABY BABY	해피투게더	데상트	가온 차트	MMA	빌리프랩		대만	무무	flover	셀럽	GANG DONG WON	강동원	경상도	장학사			쿠팡플레이	꼬리에 꼬리를 무는 그날 이야기	코믹퓨전사극	마켓컬리
fromis_9	GD X TAEYANG	뮤지컬	이재진	보컬	Com’ Back	BAE BAE	유희열의 스케치북	노스페이스	무한도전	엠넷 아시안 뮤직 어워드	브랜뉴뮤직		도쿄	믿지	LoBoly	과즙미	JANG KI YONG	장기용	경상북도	조교			왓챠	이야기끈	휴먼물	소프트뱅크
HYBE LABELS	GD&TOP	발라드	김재덕	댄서	CROSS	Big Boy	냉장고를 부탁해	푸마	중국 QQ뮤직	QQ 뮤직 어워드	울림		동남아시아	샤이니월드	LOVE	걸크러쉬	LEE SOO HYUK	이수혁	경상남도	학자			웨이브	더 먹고 가	휴먼멜로	스튜디오드래곤
ITZY	블랙핑크	블루스	장수원	래퍼	EVERYD4Y	BLING BLING	삼시세끼	컨버스	네이버 V앱	가온차트 K-POP 어워드	스타쉽		라스베가스	소원	LUVITY	걸크러시	SEO JEONG YEON	서정연	전라도	교감			wavve	티키타CAR		엔씨소프트
JYP ENTERTAINMENT	악동뮤지션	소울 음악	강성훈	센터	EXIT : E	BOY	판타스틱 듀오	무신사	올레	스타일아이콘어워즈	판타지오		런던	스테이	MELODY	대체불가토큰	KWON HYUN BIN	권현빈	전라남도	교장			TVING	더 문		엔비디아
MONSTA X	아이콘	어쿠스틱 음악	강승윤	댄스가수	Good Boy	BREATHE	K팝스타	마녀공장	벅스	가요대전	플레디스		로스앤젤레스	아로하	Midzy	대학수학능력시험	SON NA EUN	손나은	전라북도	원장			브이라이브	백스피릿		이마트24
NCT	악뮤	일렉트로닉	고지용	남자솔로	HOT ISSUE	BUTTERFLY	딩고뮤직	디올	엠넷	일본 레코드대상	마루기획		리마	아미	MOA	랜덤플레이댄스	LEE JU MYOUNG	이주명	제주도	훈장			V LIVE	시고르 경양식		푸라닭
NCT 127	젝스키스	일렉트로닉 뮤직	구준회	남자그룹	i DECIDE	Com’ Back	쇼미더머니	뷰티스토리	지니	이탈리안 MTV 어워즈	위에화		마닐라	에비뉴	MOOMOO	레드카펫	JANG DEOK SU	장덕수	울릉도	게이샤			네이버TV	새해전야		배달의민족
NCT DREAM	젝키	재즈	김동혁	남성솔로	LALISA	Crying Game	아는형님	엘르코리아	네이버	서울가요대상	인터파크		마이애미	에이티니	MY	멀티버스	MUN JI HYO	문지효	독도	경호원			디즈니+	시나브로 꿈 조작단		스타벅스
NCT U	하이수현	컨트리 뮤직	김재덕	남성그룹	NEW KIDS : CONTINUE	DINOSAUR	복면가왕		JTBC	싱가포르 엔터테인먼트 어워드(SEA)	카카오		마카오	엔시티즌	NCTzen	뮤비	YU YEON SU	유연수	철원	기생			시즌	마우스		스벅
Red Velvet	(여자)아이들	테크노	김진우	남성보컬	NEW KIDS : THE FINAL	DIRTY CASH	킹덤		뮤직뱅크	대중문화예술상	안테나		맨체스터	엔진	ONCE	뮤직비디오	CHOI DA HYE	최다혜	동주천	대리운전			HBO	키마이라		YG플러스
SF9	뉴이스트	트로트	김진환	솔로가수	NEXT EPISODE	EVERYDAY	퀸덤		인기가요	대한민국 콘텐츠 어워드	CJ ENM		멕시코	엘프	Panda	민초파	SEO YI SEO	서이서	의정부	장의사			BBC코리아	지금 헤어지는 중입니다		크래프톤
SHINee	더보이즈	팝 음악	대성	싱어송라이터	PLAY	Forever With U	로드투킹덤		엠카운트다운	일본 NTV 베스트히트가요제	iHQ		멜버른	원스	ReVeluv	방심위	NAM KYU HEE	남규희	남양주	상조			블룸버그통신	간 떨어지는 동거		제이콘텐트리
SM ENTERTAINMENT	레드벨벳	펑크	도영	힙합가수	R	Forever Young	슈퍼스타K		음악중심	니켈로디언 키즈 초이스 어워드	WM엔터		미국	캐럿	S♡NE	빅데이터	PARK TAE IN	박태인	가평	세신사			NBC뉴스	새콤달콤		카카오뱅크
Stray Kids	마마무	포크송	로제	주연배우	Remember	Give Love	싱어게인2		쇼음악중심	백상예술대상	와이지		바르셀로나	판다	SHINee WORLD	코로나19	LEE KI TAEK	이기택	춘천	레지			NHK	어느 날 우리집 현관으로 멸망이 들어왔다		카카오게임즈
TWICE	몬스타엑스	퓨처 베이스	리사	걸그룹	Return	Gone	신서유기		빌보드	가요대제전	제왑		방콕	플로버	STAY	팔로잉	LEE WOO JE	이우제	인제	마이코			넷플	파이프라인		카카오TV
TXT	방탄소년단	힙합	마시호	여성보컬	Road Fighter	Good Bye Baby	쇼미		위버스	골든디스크어워즈	제왚		버밍엄	미라클	SWITCH	플레이리스트	PARK SOO YEON	박수연	속초	배달부			에이치비오	그 해 우리는		케이뱅크
WayV	볼빨간사춘기	힙합 음악	바비	여성솔로	SQUARE ONE	HAPPENING	스트릿우먼파이터		인스타그램	빌보드뮤직어워즈	제와피		베를린	오빛	THE B	핫플레이스	KWON HAN SOL	권한솔	인천	사회복지사			디플	너를 닮은 사람		메가박스
wooah	비투비	하우스	박정우	여성그룹	SQUARE TWO	HEARTBREAKER	스우파		채널A	아메리칸뮤직어워즈	제이와이피		베이징	블링크	wow	히로인	PARK HYEONG SEOP	박형섭	서울	상담사			유튭	달리와 감자탕		로블록스
AKDONG MUSICIAN	샤이니	어반	방예담	여자그룹	SQURE UP	High High	스걸파		카카오TV	아시아모델어워즈	AP엔터테인먼트		브리즈번	아이코닉	BLINK	호캉스	WANG YI JUN	왕이준	과천	설서인			유툽	하이클래스		당근마켓
AKMU	세븐틴	팝핑	소정환	여자솔로	STAND UP	How You Like That	스트릿걸스파이터		네이버TV	아시아아티스트어워즈	BH엔터테인먼트		사이타마	이너서클	iKONIC	해시태그	JOO WOO JAE	주우재	용인	안내인			유투브	경로를 이탈하였습니다		닐슨코리아
BIGBANG	소녀시대	현대음악	송민호	브레이크댄서	STILL ALIVE	Ice Cream	보이즈플래닛		걸스플래닛	한터뮤직어워즈	CJ엔터테인먼트		산호세	트레저메이커	INNER CIRCLE	학폭	KANG HUI	강희	이천	웨이터			엠비씨	오징어게임		바이브컴퍼니
BLACKPINK	슈퍼주니어		송윤형		SUMMER EPISODE	IF YOU	믹스나인		보이스코리아	월드뮤직어워드	CJENM		삿포로	워너블	TREASURE MAKER	피처링	LEE HO JUNG	이호정	여주	웨딩플래너			제이티비씨	스카이캐슬		세이브더칠드런
BOBBY	스테이씨		승리		THE ALBUM	I'M OK	문명특급		스우파	아카데미시상식	FNC엔터테인먼트		상하이	유애나	VIP	피쳐링	JUNG YOON SEOK	정윤석	원주	주모				군함도		챗봇 이루다
CHAN	스트레이키즈		아사히		WE	ISLAND	아육대		아이랜드	문화연예대상	IST엔터테인먼트		센다이			직캠	SHIM YOUNG EUN	심영은	수원	커시어지				디어엠		
Chanhyuk	아스트로		요시		WELCOME BACK	Kill This Love	엔칸토		주간아이돌	멜론뮤직어워드	MLD엔터테인먼트		시가			페이스캠	PARK SOI	박소이	평택	호스트				펜트하우스		
DAESUNG	에스파		윤재혁		Welcome To The Sechskies Land	LA-LA-LA	YG보석함		프로듀스101	멜론차트	RBW		시드니			팬미팅	KAL SO WON	갈소원	천안	환경미화원						
DK	에이비식스		은지원		꽃 길	LALISA	프로듀스		한터차트	지니뮤직	브레이브엔터테인먼트		시애틀			팬심	JIN KYUNG	진경	당진	흥신소						
EUN JIWON	에이티즈		이수현		빅뱅 스페셜 에디션	LAST DANCE	프듀		인스타	너튜브	빅히트뮤직		시카고			패셔니스타	HAN SEUNG YEON	한승연	서산	아르바이트						
GD X TAEYANG	에이핑크		이승훈		사춘기 상	LOSER			가온차트	릴스	빛이나는엔터테인먼트		심천			키노앨범		최범석	보령	작가						
GD&TOP	엑소		이재진		사춘기 하	LOVE ME LOVE ME			가요대축제		소니뮤직엔터테인먼트		싱가포르			타돌		이수혁	공주	음악가						
G-DRAGON	엔시티		이찬혁		싱글 A	Lovesick Girls			디시인사이드		스타쉽엔터테인먼트		싱가폴			팔로워		이성경	군산	가수						
HOONY	엔하이픈		장수원		싱글 D	Ma Girl			디씨		쏘스뮤직		암스트레담			코시국		이광수	익산	성악가						
iKon	오마이걸		정찬우		싱글 E	MILLIONS			브이앱		씨엘엔컴퍼니		애너하임			커버송		진지희	세종	연주자						
JAY	우아		제니		싱글 M	MONSTER			엠카		아이오케이컴퍼니		엘에이			최애곡		차승원	전주	작곡가						
JENNIE	위클리		준규		학원별곡	MY HEAVEN			펨코		어비스컴퍼니		영국			토크쇼		정희영	대전	작사가						
JINU	이달의 소녀		지드래곤		항해	MY TREASURE					울림엔터테인먼트		오사카			제스쳐		장현성	무주	지휘자						
JISOO	있지		지디			Oh My Friend					워너뮤직		오클랜드			음원플랫폼		로지	충주	싱어송라이터						
JU-NE	크래비티		지수			Oh Yeah					카카오엔터테인먼트		요코하마			입덕		김태리	문경	DJ						
KRUNK	태티서		지훈			Okey Dokey					커넥트엔터테인먼트		우한			탈덕		정신혜	상주	무용가						
LISA	투모로우바이투게더		최현석			On The Ground					큐브엔터테인먼트		워싱턴 DC			헤어스타일		서은수	김천	미술가						
MINO	트와이스		크렁크			one of a kind					풍경엔터테인먼트		일본			K팝		배인혁	구미	조각가						
ROSÉ	프로미스나인		탑			Pretty Savage					플레디스엔터테인먼트		자카르타					배우진	충주	판화가						
SECHSKIES	골든차일드		태양			REALLY REALLY					제왑피		중국						제천	행위예술가						
SONG	베리베리		하루토			RE-BYE					드라마하우스		창사						김제	건축가						
Suhyun	온앤오프		Key			Remember					스엠		창원						정읍	목수						
T.O.P	원어스		MJ			Road Fighter					빅히트엔터테인먼트		청두						신안	공예가						
TAEYANG	펜타곤		RM			RUNAWAY							충칭						나주	도예가						
TREASURE	라붐		강다니엘			SOLO							치바						광주	디자이너						
WINNER	브레이브걸스		고원			SOSO							쿠알라쿰푸르						남원	사진가						
YOON	에버글로우		규현			STAY							타이페이						함양	감독						
EVERGLOW	우주소녀		기현			STILL ALIVE							태국						목포	애니메이터						
IVE	아이브		김남주			This Love							토론토						진도	제작자						
MOMOLAND	모모랜드		김동현			Turn It Up							파리						완도	평론가						
PSY	싸이		김립			We Belong Together							항저우						고흥	큐레이터						
EXID	블핑		나나			WE LIKE 2 PARTY							호주						여수	갤러리스트						
N.Flying	옴걸		나연			거북선							호치민						순천	아트디렉터						
DAY6	방탄		노지선			거짓말							홍콩						광양	매니저						
	볼빨사		뉴			겁							효고						여수	딜러						
	레벨		니키			공허해							후쿠오카						진주	복원전문가						
	쁘걸		닝닝			그 XX							휴스턴						사천	광대						
	이달소		다원			기사도							네팔						창원	내레이터						
	프나		다현			꽃 길													부산	모델						
	프미나		도겸			나는 달라													밀양	무희						
	투바투		도영			낙하													대구	연예인						
	골차		동해			너를 보내며													영천	가수						
	트와		디노			눈물뿐인 바보													경주	아이돌						
	스키즈		디에잇			덤앤더머													울산	싱어송라이터						
	엔플라잉		디오			도망가													포항	모창						
	데이식스		라키			뚜두뚜두													울진	락커						
	갓세븐		런쥔			뛰어들게													강릉	힙합						
	러블리즈		레이			뜸													제부도	개그맨						
	레이디스코드		려욱			리듬 타													김포	코미디언						
	셀럽파이브		로운			리얼리티													강남	배우						
	신현희와김루트		루시			마지막 인사													강북	마술사						
	아이즈원		루카스			마지막처럼													혜화	성우						
	아이오아이		류진			맙소사													대학로	프로듀서						
	엠씨더맥스		리노			맨정신													하남	MC						
	워너원		리아			무모한 사랑													사당	아나운서						
	위키미키		마크			무제													교대	서커스						
	여자아이들		먼데이			물 만난 물고기													왕십리	유랑극단						
	토요태		모모			뱅뱅뱅													강변	방송인						
	MSG워너비		문별			벌떼													잠실	유튜버						
	베리굿		문빈			불장난													역삼	크리에이터						
	엑스원		미나			붉은 노을													합정	스트리머						
	우아!		미미			붐바야													홍대	BJ						
			민규			사람들이 움직이는 게													신촌	PD						
			민기			사랑을 했다													이대	레이서						
			민서			사랑해													이수	게이머						
			민혁			센치해													아현	레슬러						
			민호			소년이여													인천공항	프로기사						
			민희			시간과 낙엽														치어리더						
			박소은			아낙네														해설자						
			박우진			아무렇지 않은 척														산악인						
			박지원			아이야														코치						
			박초롱			야 우냐														구단주						
			방찬			얼음들														프런트						
			백지헌			에라 모르겠다														리포터						
			백현			예감														파파라치						
			버논			오늘 모해														특파원						
			범규			오랜 날 오랜 밤														앵커						
			뷔			왜 또														캐스터						
			비니			왜왜왜														편집자						
			비비			우리 사랑하지 말아요														뱃사공						
			사나			음 (MMM)														도선사						
			산			이리오너라														향해사						
			상연			이별길														기관사						
			샤오쥔			죽겠다														승무원						
			서은광			지못미														스튜어디스						
			서현			쩔어														기장						
			선우			천국														파일럿						
			성민			취향저격														정비사						
			성찬			커플														관제사						
			성화			컬러링														보건의료인						
			성훈			크레용														의료인						
			세림			탕!♡														의사						
			세은			판타스틱 베이비														간호사						
			세훈			하루하루														치과의사						
			셔누			휘파람														한의사						
			소라			넥스트레벨														조산사						
			손나은			별빛사랑														의료기사						
			솔라			헤이마마														물리치료사						
			송하영																	작업치료사						
			쇼타로																	위생사						
			수민																	기공사						
			수빈																	약사						
			수영																	영양사						
			수호																	응급구조사						
			슈가																	보건의료정보관리사						
			슬기																	임상심리사						
			승관																	한약사						
			승민																	간호조무사						
			승휘																	수산질병관리사						
			시우민																	수의사						
			시원																	침구사						
			시은																	언어재활사						
			신동																	감리자						
			신지윤																	개발자						
			써니																	건축가						
			아린																	시공자						
			아이린																	목수						
			아이사																	배관공						
			아이엔																	광부						
			아이엠																	기술자						
			안지영																	대장장이						
			앨런																	조향사						
			양양																	프로그래머						
			에릭																	SI						
			에스쿱스																	SM						
			여상																	나무꾼						
			여진																	농부						
			연준																	도축업자						
			영빈																	사냥꾼						
			영훈																	어부						
			예리																	플로리스트						
			예성																	해녀						
			예지																	원예						
			오하영																	축산업						
			온유																	농협						
			올리비아 혜																	수협						
			우빈																	축협						
			우연																	산림조합						
			우영																	신협						
			우원																	양식장						
			우지																	이장						
			우지윤																	촌장						
			원진																	토호						
			웬디																	유지						
			윈윈																	미식가						
			윈터																	바리스타						
			유나																	바텐더						
			유리																	쉐프셰프						
			유아																	소믈리에						
			유타																	요리사						
			유태양																	요식업						
			육성재																	제빵사						
			윤																	주방장						
			윤보미																	파티시에						
			윤산하																	푸드스타일리스트						
			윤아																	푸드파이터						
			윤호																	요리연구가						
			은혁																	가사도우미						
			이나경																	건물주						
			이대휘																	관리자						
			이민혁																	에이전트						
			이브																	머슴						
			이새롬																	메이드						
			이서연																	비서						
			이수진																	사육사						
			이재희																	식모						
			이창섭																	운영자						
			이채영																	자영업자						
			이특																	집사						
			인성																	파출부						
			임현식																	보모						
			장규리																	수위						
			재민																	패션디자이너						
			재윤																	미용사						
			재이																	코디네이터						
			쟈니																	펀드						
			전웅																	손해사정사						
			정국																	펀드매니저						
			정모																	벤처캐피탈						
			정연																	은행원						
			정우																	보험계리사						
			정원																	은행텔러						
			정은지																	전당포						
			정한																	도박사						
			제노																	카지노						
			제이																	사채업자						
			제이콥																	공무원						
			제이크																	외교관						
			제이홉																	대사						
			조슈아																	공사						
			조아																	영사						
			조이																	통역						
			종현																	정치인						
			종호																	대통령						
			주연																	총리						
			주학년																	장관						
			주헌																	총통						
			주호																	수상						
			준																	대신						
			지민																	국회의원						
			지성																	상원의원						
			지젤																	하원의원						
			지한																	지방의원						
			지호																	시의원						
			지효																	군의원						
			진																	자치구의원						
			진솔																	구청장						
			진진																	군수						
			쯔위																	도지사						
			차은우																	시장						
			찬열																	주지사						
			찬희																	교육감						
			창빈																	감정평가사						
			채령																	검사						
			채영																	경찰						
			채현																	형사						
			천러																	해양경찰						
			첸																	경비원						
			최리																	경호원						
			츄																	공인노무사						
			카리나																	공인중개사						
			카이																	공인회계사						
			케빈																	군인						
			쿤																	장교						
			큐																	준사관						
			태민																	부사관						
			태연																	민간군사기업직원						
			태영																	군무원						
			태용																	방위산어베						
			태일																	국정원						
			태현																	부사관과						
			텐																	교도관						
			티파니																	관세사						
			프니엘																	세관						
			필릭스																	법무사						
			하슬																	변리사						
			한																	변호사						
			해찬																	보안관						
			헨드리																	보험중개사						
			현재																	세무사						
			현진																	집행관						
			현진																	탐정						
			형원																	프로파일러						
			형준																	행정사						
			호시																	판사						
			홍중																	사냥꾼						
			화사																	경영지도사						
			효연																	용병						
			효정																	간첩						
			휘영																	소방관						
			휘인																	예언가						
			휴닝카이																	점쟁이						
			희승																	종교인						
			희진																	목사						
			희철																	장로						
			선미																	전도사						
			아이유																	강도사						
			이하이																	무녀						
			전소미																	무당						
			청하																	선교사						
			헤이즈																	성직자						
			현아																	사제						
			백예린																	프리스트						
			이하이																	신부						
			권은비																	주교						
			송가인																	추기경						
			신유미																	교황						
			신현희																	신관						
			하성운																	선지자						
			애쉬아일랜드																	수도자						
			타이거JK																	승려						
			찬혁																	스님						
			뱀뱀																	음양사						
			마시로																	사이비종교						
			딘딘																	기업인						
			조유리																	회사원						
			허니제이																	임원						
			하유비																	회장						
			박문치																	부회장						
			박보은																	사장						
																				부사장						
																				전무이사						
																				상무이사						
																				이사						
																				중간관리직						
																				부장						
																				차장						
																				과장						
																				계장						
																				실무자						
																				대리						
																				주임						
																				사원						
																				인턴						
																				서점						
																				편의점						
																				슈퍼마켓						
																				백화점						
																				약국						
																				마트						
																				지하상가						
																				도서대여점						
																				렌터카						
																				만화방						
																				카페						
																				분식점						
																				프랜차이즈						
																				식당						
																				레스토랑						
																				중국집						
																				고깃집						
																				통신판매업						
																				횟집						
																				다방						
																				전매상						
																				대형마트						
																				브로커						
																				미용사						
																				동물원						
																				수족관						
																				식물원						
																				플로리스트						
																				브리더						
																				여관						
																				모텔						
																				호텔리어						
																				펜션						
																				가이드						
																				안내사						
																				문화여가사						
																				레크리에이션강사						
																				GEO						
																				파티플레너						
																				여행상품개발자						
																				문화관광해설사						
																				탐험가						
																				산악인						
																				헌터						
																				고고학자						
																				니트족						
																				히키코모리						
																				폐인						
																				실업자						
																				캥거루족						
																				노숙자						
																				도박꾼						
																				술고래						
																				올빼미족						
																				폭주족						
																				청년실업						
																				딜러						
																				갬블러						
																				앵벌이						
																				꽃제비						
																				스트리퍼						
																				창녀						
																				매춘부						
																				남창						
																				AV배우						
																				AV남배우						
																				AV여배우						
																				포르노						
																				키스방						
																				집창촌						
																				스트립극장						
																				섹스자원봉사						
																				기생						
																				성매매						
																				호스트바						
																				도적						
																				해적						
																				산적						
																				마적						
																				마피아						
																				갱						
																				갱단						
																				카르텔						
																				히트맨						
																				야쿠자						
																				테러리스트						
																				흑사회						
																				삼합회						
																				조직폭력배						
																				도둑						
																				강도						
																				직무						
																				전문직						
																				듀얼리스트						
																				마법사						
																				소환사						
																				히어로						
																				슈퍼히어로						
																				연금술사						
																				용사						
																				정령사						
																				정보상						
																				오러						
																				퀴디치선수						
																				노동자						
																				면허증						
																				자격증						
																				장래희망						
																				직업소개소						
																				취업						
																				워크넷						
																				키자니아						
																				잡월드						